City_ID,City,Lat,Lng,Max Temp,Humidity,Cloudiness,Wind Speed,Country,Date
0,bredasdorp,-34.5322,20.0403,282.11,86,0,1.05,ZA,1726517199
1,blackmans bay,-43.0167,147.3167,281.22,71,100,0.45,AU,1726517104
2,tobruk,32.0836,23.9764,298.39,56,0,2.37,LY,1726517201
3,albany,42.6001,-73.9662,301.99,42,36,0.45,US,1726517159
4,currumbin waters,-28.1553,153.4613,285.38,92,1,2.06,AU,1726517203
5,pisco,-13.7,-76.2167,291.49,77,2,4.15,PE,1726517204
6,waitangi,-43.9535,-176.5597,284.16,95,100,4.47,NZ,1726517103
7,carnarvon,-24.8667,113.6333,293.87,37,0,6.26,AU,1726517206
8,port-aux-francais,-49.35,70.2167,277.48,95,100,16.55,TF,1726517100
9,grytviken,-54.2811,-36.5092,272.27,82,58,5.79,GS,1726517071
10,olonkinbyen,70.9221,-8.7187,273.8,83,100,5.44,SJ,1726517099
11,tazacorte,28.629,-17.9293,295.69,73,20,4.63,ES,1726517211
12,puerto natales,-51.7236,-72.4875,284.4,58,75,13.38,CL,1726517089
13,kodiak,57.79,-152.4072,286.88,51,20,3.09,US,1726517213
14,punta arenas,-53.15,-70.9167,284.21,58,0,13.38,CL,1726517214
15,wer,27.0,77.1667,299.75,61,54,2.77,IN,1726517215
16,jamestown,42.097,-79.2353,300.38,37,0,3.6,US,1726517216
17,tazovsky,67.4667,78.7,279.19,93,66,3.91,RU,1726517217
18,inongo,-1.95,18.2667,297.1,72,65,1.7,CD,1726517218
19,la passe,45.5549,-0.8967,289.38,59,17,4.85,FR,1726517219
20,yellowknife,62.456,-114.3525,286.16,94,100,6.17,CA,1726517143
21,dryden,49.7833,-92.7503,296.31,68,100,4.63,CA,1726517223
22,brisas de zicatela,15.8369,-97.0419,305.44,84,75,3.6,MX,1726517224
23,morogoro,-6.8167,37.6667,294.67,76,10,2.52,TZ,1726517225
24,badger,64.8,-147.5333,281.1,90,100,3.6,US,1726517226
25,chui,-33.6971,-53.4616,290.32,66,0,2.87,UY,1726517227
26,togur,58.3631,82.8265,275.65,79,29,1.58,RU,1726517228
27,puerto ayora,-0.7393,-90.3518,294.57,94,90,3.58,EC,1726517229
28,tsiombe,-25.3,45.4833,293.76,85,10,1.71,MG,1726517230
29,asau,46.4333,26.4,285.12,90,0,1.97,RO,1726517231
30,invercargill,-46.4,168.35,277.6,72,100,6.26,NZ,1726517091
31,ust-tsilma,65.441,52.1498,288.06,70,100,2.34,RU,1726517233
32,ust-nera,64.5667,143.2,274.25,87,100,2.79,RU,1726517234
33,aykhal,66.0,111.5,274.87,96,100,8.6,RU,1726517236
34,iqaluit,63.7506,-68.5145,277.0,86,100,9.26,CA,1726517086
35,nchelenge,-9.3451,28.734,297.79,34,0,1.89,ZM,1726517238
36,ushuaia,-54.8,-68.3,282.96,50,75,8.75,AR,1726517123
37,thompson,55.7435,-97.8558,294.83,42,6,2.54,CA,1726517241
38,constantia,44.1833,28.65,288.53,61,8,4.98,RO,1726517242
39,whitehorse,60.7161,-135.0538,284.58,67,75,5.66,CA,1726517243
40,sitka,57.0531,-135.33,286.09,88,100,2.06,US,1726517244
41,stanley,54.868,-1.6985,283.16,87,0,1.03,GB,1726517245
42,bilibino,68.0546,166.4372,272.49,97,99,1.3,RU,1726517117
43,adamstown,-25.066,-130.1015,292.51,88,100,10.1,PN,1726517084
44,monte azul,-15.155,-42.8747,305.68,21,1,1.81,BR,1726517249
45,montelibano,7.9829,-75.4229,305.47,69,70,3.53,CO,1726517250
46,pangoa,-12.1167,-73.0,305.74,33,37,3.0,PE,1726517251
47,nyandoma,61.669,40.1991,286.4,91,64,1.8,RU,1726517252
48,hamilton,39.1834,-84.5333,305.24,34,0,4.12,US,1726517129
49,bethel,41.3712,-73.414,299.47,47,0,2.57,US,1726517114
50,port saint john's,-31.6229,29.5448,291.37,82,100,0.77,ZA,1726517047
51,hammerfest,70.6634,23.6821,284.4,76,0,0.0,NO,1726517256
52,haiku-pauwela,20.9219,-156.3051,301.62,72,75,10.8,US,1726517257
53,georgetown,5.4112,100.3354,299.11,88,20,2.57,MY,1726517150
54,carauari,-4.8828,-66.8958,307.32,43,53,3.66,BR,1726517259
55,la rioja,42.25,-2.5,285.03,75,85,2.11,ES,1726517260
56,wailua homesteads,22.0669,-159.378,300.59,81,100,8.23,US,1726517134
57,brandon,27.9378,-82.2859,305.96,66,40,1.79,US,1726517098
58,zeralda,36.7117,2.8424,296.77,54,1,5.56,DZ,1726517264
59,port lincoln,-34.7333,135.8667,283.14,80,0,3.68,AU,1726517265
60,klyuchi,52.2667,79.1667,278.81,56,83,3.32,RU,1726517093
61,vila franca do campo,37.7167,-25.4333,296.38,75,63,2.53,PT,1726517268
62,axim,4.8699,-2.2405,297.19,88,43,3.4,GH,1726517269
63,new norfolk,-42.7826,147.0587,281.32,85,100,3.49,AU,1726517271
64,rio grande,-32.035,-52.0986,289.59,73,0,3.08,BR,1726517272
65,hengchun,22.0042,120.7439,300.98,83,100,11.28,TW,1726517273
66,west island,-12.1568,96.8225,299.14,69,18,7.2,CC,1726517121
67,margaret river,-33.95,115.0667,284.3,78,0,1.98,AU,1726517169
68,port elizabeth,-33.918,25.5701,288.32,82,0,2.06,ZA,1726517153
69,tual,-5.6667,132.75,299.75,84,100,6.8,ID,1726517278
70,stephenville,32.2207,-98.2023,305.51,54,40,2.57,US,1726517279
71,atafu village,-8.5421,-172.5159,300.94,75,20,3.94,TK,1726517280
72,st. john's,47.5649,-52.7093,293.69,65,95,6.26,CA,1726517281
73,hermanus,-34.4187,19.2345,283.6,76,0,4.41,ZA,1726517133
74,progreso,21.2833,-89.6667,303.69,88,85,5.38,MX,1726517283
75,'ain benian,36.8028,2.9219,296.18,54,2,6.03,DZ,1726517284
76,paragominas,-2.9667,-47.4833,307.97,32,100,1.73,BR,1726517285
77,dunedin,-45.8742,170.5036,277.48,70,11,2.24,NZ,1726517286
78,tafuna,-14.3358,-170.72,302.12,74,40,3.09,AS,1726517288
79,fortaleza,-3.7227,-38.5247,301.22,65,0,5.66,BR,1726517241
80,naciria,36.7463,3.8316,292.22,61,3,0.79,DZ,1726517290
81,lobujya,27.95,86.8167,273.26,96,98,1.34,NP,1726517291
82,college,64.8569,-147.8028,281.14,84,100,3.6,US,1726517056
83,kristiansund,63.1115,7.732,284.89,87,75,1.54,NO,1726517294
84,puerto deseado,-47.7503,-65.8938,287.38,38,93,10.32,AR,1726517295
85,harper,4.375,-7.7169,297.88,85,95,2.88,LR,1726517296
86,hasaki,35.7333,140.8333,296.6,90,36,1.86,JP,1726517297
87,watsa,3.0372,29.5355,291.6,96,56,0.75,CD,1726517298
88,daru,-9.0763,143.2092,297.31,91,100,9.0,PG,1726517299
89,mossendjo,-2.9506,12.7261,297.09,76,100,1.63,CG,1726517301
90,edinburgh of the seven seas,-37.0676,-12.3116,283.96,70,45,16.82,SH,1726517080
91,nuriootpa,-34.4833,139.0,275.25,84,0,1.47,AU,1726517303
92,mindelheim,48.05,10.4833,281.83,90,100,4.63,DE,1726517304
93,tiksi,71.6872,128.8694,274.21,94,100,5.89,RU,1726517115
94,hithadhoo,-0.6,73.0833,301.94,75,99,4.94,MV,1726517306
95,puerto baquerizo moreno,-0.9,-89.6,296.7,73,75,5.14,EC,1726517041
96,guarda,40.5373,-7.2658,292.16,21,3,4.27,PT,1726517308
97,kuruman,-27.4524,23.4325,291.21,31,100,3.2,ZA,1726517309
98,papatowai,-46.5619,169.4708,276.45,81,100,7.71,NZ,1726517310
99,al hawatah,13.4167,34.6333,296.2,91,100,4.14,SD,1726517311
100,bijar,35.8668,47.6051,290.14,33,0,3.3,IR,1726517312
101,tavda,58.0425,65.2726,279.27,69,2,1.67,RU,1726517315
102,lormi,22.2833,81.7333,298.46,73,100,4.72,IN,1726517316
103,birao,10.2849,22.7882,296.52,94,79,0.88,CF,1726517171
104,lazaro cardenas,17.9583,-102.2,303.36,73,59,2.73,MX,1726517318
105,bubaque,11.2833,-15.8333,299.63,82,100,7.28,GW,1726517161
106,sao joao da barra,-21.6403,-41.0511,299.2,82,0,9.21,BR,1726517158
107,port blair,11.6667,92.75,301.07,75,9,5.79,IN,1726517321
108,lebu,-37.6167,-73.65,284.51,66,100,6.9,CL,1726517146
109,contamana,-7.3333,-75.0167,300.15,73,73,1.89,PE,1726517323
110,minas de matahambre,22.5887,-83.9447,303.7,71,58,1.85,CU,1726517325
111,yung shue wan,22.2333,114.1167,302.41,84,100,0.45,HK,1726517326
112,two rivers,44.1539,-87.5693,297.57,85,0,3.09,US,1726517327
113,longyearbyen,78.2186,15.6401,281.06,81,75,7.72,SJ,1726517073
114,vilyuchinsk,52.9306,158.4028,275.3,78,14,4.28,RU,1726517329
115,ridgecrest,35.6225,-117.6709,297.4,21,0,9.83,US,1726517330
116,isafjordur,66.0755,-23.124,275.26,92,100,1.75,IS,1726517148
117,san antonio de pale,-1.4014,5.6325,297.92,84,87,5.85,GQ,1726517332
118,ancud,-41.8697,-73.8203,284.2,62,93,2.28,CL,1726517088
119,berezovyy,51.6667,135.7,283.47,77,95,2.36,RU,1726517334
120,luderitz,-26.6481,15.1594,286.0,81,0,8.14,NA,1726516979
121,hozat,39.1083,39.2213,291.59,44,0,1.83,TR,1726517336
122,kill devil hills,36.0307,-75.676,298.16,83,100,6.17,US,1726517338
123,fada,7.25,4.0667,296.6,97,99,0.25,NG,1726517339
124,kimbe,-5.5502,150.1429,296.75,93,7,1.51,PG,1726517340
125,sur,22.5667,59.5289,302.46,61,0,4.52,OM,1726517113
126,acatlan de perez figueroa,18.5333,-96.6167,305.04,62,100,1.59,MX,1726517342
127,avarua,-21.2078,-159.775,298.18,78,75,7.72,CK,1726517141
128,vila velha,-20.3297,-40.2925,299.12,81,0,9.26,BR,1726517344
129,enewetak,11.3474,162.3373,301.74,75,22,4.45,MH,1726517345
130,lompoc,34.6391,-120.4579,294.55,60,100,6.69,US,1726517346
131,vorgashor,67.5833,63.95,285.84,93,99,3.28,RU,1726517347
132,kolonia town,6.964,158.206,301.45,74,42,3.14,FM,1726517348
133,hirara,24.8,125.2833,301.99,76,1,9.81,JP,1726517350
134,tindouf,27.6711,-8.1474,305.83,19,45,6.29,DZ,1726517351
135,bocas del toro,9.3333,-82.25,302.8,70,100,3.54,PA,1726517352
136,mukalla,14.5425,49.1242,300.64,80,22,1.7,YE,1726517198
137,anadyr,64.75,177.4833,280.43,87,75,2.68,RU,1726517136
138,port mathurin,-19.6833,63.4167,294.57,75,77,11.04,MU,1726517356
139,remire-montjoly,4.9167,-52.2667,304.17,66,75,6.69,GF,1726517357
140,nemuro,43.3236,145.575,289.28,82,100,7.65,JP,1726517358
141,khandyga,62.6667,135.6,272.69,94,95,1.05,RU,1726517359
142,sabang,5.8933,95.3214,300.88,80,100,12.96,ID,1726517360
143,sterling,39.0062,-77.4286,298.07,58,75,5.14,US,1726517362
144,kohtla-jarve,59.3986,27.2731,289.04,60,73,2.87,EE,1726517363
145,iskateley,67.6803,53.1512,288.06,76,100,3.57,RU,1726517364
146,namibe,-15.1961,12.1522,291.72,84,70,1.6,AO,1726517365
147,kushiro,42.975,144.3747,289.92,85,100,2.94,JP,1726517366
148,korocha,50.8107,37.1953,292.82,39,100,6.24,RU,1726517367
149,dzuunmod,48.2199,97.3744,276.92,29,0,3.67,MN,1726517368
150,lohaghat,29.4036,80.0897,288.32,94,25,1.39,IN,1726517369
151,hawaiian paradise park,19.5933,-154.9731,301.41,82,75,5.14,US,1726517097
152,aasiaat,68.7098,-52.8699,273.46,85,81,1.98,GL,1726517109
153,utrik,11.2278,169.8474,301.5,75,98,4.43,MH,1726517372
154,ad dabbah,18.05,30.95,308.56,16,3,4.09,SD,1726517374
155,leava,-14.3,-178.1667,299.42,79,100,3.36,WF,1726517375
156,petropavlovsk-kamchatsky,53.0452,158.6483,274.48,75,20,5.0,RU,1726517376
157,rotonda west,26.8837,-82.2901,304.17,33,0,2.57,US,1726517377
158,manta,-0.95,-80.7333,301.03,69,40,5.14,EC,1726517379
159,laguna,38.421,-121.4238,295.73,53,75,4.63,US,1726517380
160,swabi,34.1199,72.4699,296.45,73,34,1.01,PK,1726517381
161,severo-yeniseyskiy,60.3725,93.0408,272.47,84,100,1.57,RU,1726517382
162,ilulissat,69.2167,-51.1,275.16,87,100,2.57,GL,1726517105
163,letterkenny,54.95,-7.7333,288.19,77,100,1.63,IE,1726517385
164,lagunas,-5.2269,-75.6753,307.73,41,74,0.89,PE,1726517386
165,tamandare,-8.7597,-35.1047,297.85,74,26,3.81,BR,1726517387
166,udachny,66.4167,112.4,276.37,96,100,8.85,RU,1726517376
167,talnakh,69.4865,88.3972,276.37,94,71,2.84,RU,1726517389
168,al bayda',32.7627,21.7551,291.82,74,0,2.65,LY,1726517390
169,funafuti,-8.5243,179.1942,302.15,84,75,0.0,TV,1726517391
170,vadso,70.0744,29.7487,283.24,76,0,2.57,NO,1726517325
171,quelimane,-17.8786,36.8883,298.22,78,0,4.58,MZ,1726517393
172,seven pagodas,12.6264,80.1722,302.14,75,82,4.27,IN,1726517394
173,vanimo,-2.6741,141.3028,298.77,93,97,2.79,PG,1726517395
174,martapura,-3.4167,114.85,297.2,94,100,0.51,ID,1726517397
175,port moresby,-9.4431,147.1797,296.81,91,100,5.37,PG,1726517398
176,floro,61.5996,5.0328,285.13,82,100,6.17,NO,1726517399
177,kayes,14.0,-11.0,298.07,88,100,1.81,ML,1726517400
178,yuzhno-kurilsk,44.0306,145.8556,288.59,86,100,5.64,RU,1726517401
179,tvoroyri,61.5556,-6.8111,284.06,96,100,15.0,FO,1726517402
180,meadow lake,34.8014,-106.5436,299.07,24,12,7.9,US,1726517403
181,alice springs,-23.7,133.8833,282.9,27,9,3.09,AU,1726517404
182,koumra,8.9126,17.5539,295.33,89,73,1.45,TD,1726517405
183,vilyuysk,63.7553,121.6247,272.33,92,73,3.77,RU,1726517406
184,meridian,43.6121,-116.3915,294.96,56,0,3.6,US,1726517284
185,mount isa,-20.7333,139.5,294.02,24,14,5.14,AU,1726517408
186,chonchi,-42.6128,-73.8092,287.66,61,100,0.27,CL,1726517410
187,mil'kovo,55.6078,37.7956,291.28,50,7,2.65,RU,1726517411
188,broken hill,-31.95,141.4333,278.27,60,0,2.68,AU,1726517412
189,touros,-5.1989,-35.4608,298.62,73,2,7.95,BR,1726517413
190,sinabang,2.4803,96.3801,298.28,90,100,3.41,ID,1726517155
191,nova sintra,14.8667,-24.7167,299.81,73,11,5.36,CV,1726517010
192,newman,37.3138,-121.0208,293.18,55,98,1.79,US,1726517079
193,nar'yan-mar,67.6713,53.087,288.03,76,100,3.58,RU,1726517090
194,cole harbour,44.6724,-63.4751,299.37,66,3,5.36,CA,1726517418
195,north battleford,52.7834,-108.2847,296.09,33,6,3.15,CA,1726517419
196,maradi,13.5,7.1017,304.11,50,30,1.75,NE,1726517420
197,hovd,48.0056,91.6419,282.08,34,1,4.01,MN,1726517421
198,praia da vitoria,38.7333,-27.0667,296.35,87,100,6.19,PT,1726517422
199,puerto cabezas,14.0351,-83.3888,304.44,66,100,2.65,NI,1726517424
200,dhidhdhoo,6.8833,73.1,301.19,76,44,6.31,MV,1726517425
201,usinsk,65.9939,57.5281,287.9,89,99,4.14,RU,1726517426
202,khanty-mansiysk,61.0042,69.0019,282.21,57,0,4.0,RU,1726517157
203,saipan,15.1355,145.701,302.54,84,75,5.66,MP,1726517137
204,tateyama,34.9833,139.8667,297.8,90,48,1.29,JP,1726517429
205,kudahuvadhoo,2.6708,72.8944,302.22,73,65,5.93,MV,1726517430
206,lesogorsk,56.0458,99.5136,273.03,96,100,0.93,RU,1726517431
207,susuman,62.7833,148.1667,271.06,81,20,0.82,RU,1726517116
208,knyaze-volkonskoye,48.4642,135.4567,286.34,91,54,2.12,RU,1726517433
209,novo aripuana,-5.1206,-60.3797,313.96,19,99,1.97,BR,1726517434
210,arteche,12.2645,125.4048,298.33,91,100,2.97,PH,1726517435
211,codrington,-38.2667,141.9667,281.8,80,99,4.01,AU,1726517436
212,keflavik,64.0049,-22.5624,283.43,93,100,9.84,IS,1726517438
213,flying fish cove,-10.4217,105.6791,297.97,83,100,3.09,CX,1726517439
214,lihue,21.9789,-159.3672,300.23,87,33,6.0,US,1726516881
215,ujae,8.9322,165.7642,301.57,73,10,3.7,MH,1726517441
216,geraldton,-28.7667,114.6,289.38,39,0,5.66,AU,1726517398
217,middlesboro,36.6084,-83.7166,301.15,34,0,3.6,US,1726517443
218,pocahontas,36.2615,-90.9712,299.29,81,91,2.24,US,1726517444
219,gourcy,13.2167,-2.35,299.72,75,28,3.16,BF,1726517445
220,winburg,-28.518,27.0093,292.86,36,100,8.23,ZA,1726517446
221,okahandja,-21.9833,16.9167,287.92,20,0,3.43,NA,1726517447
222,cherrapunji,25.3,91.7,290.24,87,43,1.25,IN,1726517448
223,harrison,30.4091,-89.0436,304.32,66,0,3.6,US,1726517449
224,bilaspur,22.0833,82.15,297.82,78,100,5.24,IN,1726517451
225,poxoreo,-15.8372,-54.3892,308.53,25,4,4.88,BR,1726517452
226,valdivia,-39.8142,-73.2459,291.2,40,18,0.83,CL,1726517453
227,greymouth,-42.4667,171.2,277.59,94,100,3.14,NZ,1726517454
228,kaarina,60.4072,22.369,287.72,99,100,1.03,FI,1726517455
229,soio,-6.1349,12.3689,296.25,87,13,3.82,AO,1726517456
230,sambava,-14.2667,50.1667,294.14,80,2,4.64,MG,1726517034
231,tura,25.5198,90.2201,297.02,89,100,1.25,IN,1726517458
232,infantes,38.7367,-3.0122,293.16,17,68,4.93,ES,1726517459
233,diego de almagro,-26.3667,-70.05,296.25,26,0,4.43,CL,1726517460
234,polyarnyy,69.1989,33.4478,282.29,87,92,3.72,RU,1726517461
235,zabalj,45.3722,20.0639,284.32,93,100,3.38,RS,1726517463
236,itamaraca,-7.7478,-34.8256,298.02,71,7,4.6,BR,1726517464
237,kayangel,8.0823,134.7173,301.63,80,100,9.47,PW,1726517465
238,qarah zia' od din,38.8915,45.0255,293.83,37,90,1.52,IR,1726517466
239,san luis de la loma,17.2706,-100.8939,304.04,70,41,3.55,MX,1726516839
240,east london,-33.0153,27.9116,290.86,73,100,1.82,ZA,1726517468
241,magadan,59.5667,150.8,276.39,95,100,2.61,RU,1726517469
242,sechura,-5.5569,-80.8222,297.41,57,20,6.62,PE,1726517470
243,uturoa,-16.7333,-151.4333,298.49,84,100,4.99,PF,1726517471
244,colonia,50.9333,6.95,291.45,80,75,3.09,DE,1726517472
245,metu,8.3,35.5833,287.06,97,85,1.14,ET,1726517473
246,asamankese,5.8601,-0.6635,297.17,87,20,1.68,GH,1726517474
247,siwa oasis,29.2041,25.5195,302.81,31,0,2.84,EG,1726517476
248,coquimbo,-29.9533,-71.3436,288.0,80,75,6.17,CL,1726517478
249,ayorou,14.7308,0.9174,306.9,42,36,4.5,NE,1726517479
250,ambodifotatra,-16.9833,49.85,296.71,68,58,5.28,MG,1726517480
251,fuerte olimpo,-21.0415,-57.8738,305.67,18,0,3.55,PY,1726517481
252,fort wellington,6.4,-57.6,303.0,64,0,5.58,GY,1726517482
253,longjing,42.7714,129.4233,287.72,94,91,1.05,CN,1726517483
254,zonguldak,41.25,31.8333,287.81,94,9,0.96,TR,1726517484
255,jijiga,9.35,42.8,292.48,76,74,4.42,ET,1726517485
256,villafranca tirrena,38.2401,15.4374,295.17,72,62,1.99,IT,1726517486
257,ulaangom,49.9811,92.0667,278.82,52,4,6.61,MN,1726517487
258,sao paulo de olivenca,-3.3783,-68.8725,312.74,25,89,2.66,BR,1726517030
259,figuig (centre),32.1089,-1.2286,301.64,35,0,3.16,MA,1726517489
260,margate,51.3813,1.3862,288.64,73,50,0.45,GB,1726517490
261,maceio,-9.6658,-35.7353,299.84,69,20,5.14,BR,1726517492
262,asubulaq,49.5583,83.0558,272.41,76,0,2.04,KZ,1726517493
263,arraial do cabo,-22.9661,-42.0278,296.07,83,100,6.69,BR,1726517494
264,boryeong,36.3493,126.5977,297.93,94,67,0.97,KR,1726517495
265,peace river,56.2501,-117.286,291.32,48,75,6.69,CA,1726517496
266,hibbing,47.4272,-92.9377,302.88,50,20,4.12,US,1726517497
267,paredon,16.0333,-93.8667,303.87,73,83,3.5,MX,1726517498
268,quellon,-43.1167,-73.6167,283.33,72,100,1.54,CL,1726517499
269,acaponeta,22.4964,-105.3594,307.0,48,66,2.63,MX,1726517500
270,monduli,-3.3,36.45,291.16,62,7,5.34,TZ,1726517501
271,pipar,26.3856,73.5378,298.93,66,0,3.88,IN,1726517502
272,woolgoolga,-30.1106,153.2007,283.08,69,0,4.89,AU,1726517503
273,morehead city,34.7229,-76.726,298.16,92,100,7.2,US,1726517504
274,carutapera,-1.195,-46.02,301.21,69,58,4.88,BR,1726517506
275,ballina,-28.8667,153.5667,285.27,85,10,4.27,AU,1726517381
276,port augusta,-32.5,137.7667,276.93,71,0,1.77,AU,1726517508
277,mahina,-17.5065,-149.489,300.02,78,100,3.09,PF,1726517509
278,wynyard,-41.0,145.7167,282.06,79,100,5.52,AU,1726517510
279,labasa,-16.4167,179.3833,298.92,67,85,0.94,FJ,1726517511
280,fort bragg,35.139,-79.006,293.61,95,100,12.35,US,1726517512
281,malvan,16.0667,73.4667,299.48,80,62,4.08,IN,1726517513
282,cururupu,-1.8283,-44.8683,301.96,56,30,2.61,BR,1726517514
283,wanning,18.8003,110.3967,298.66,90,100,1.96,CN,1726517515
284,belyy yar,53.6039,91.3903,276.09,87,0,1.0,RU,1726517516
285,kargasok,59.0556,80.8572,276.4,72,66,2.62,RU,1726517517
286,tongshan,34.1805,117.1571,297.23,91,98,6.86,CN,1726517518
287,alofi,-19.0595,-169.9187,298.09,83,75,1.03,NU,1726517384
288,mossel bay,-34.1831,22.146,288.11,71,0,3.14,ZA,1726517521
289,mount gambier,-37.8333,140.7667,282.07,67,97,2.31,AU,1726517522
290,vorkuta,67.5,64.0,286.01,93,98,3.29,RU,1726517523
291,portland,45.5234,-122.6762,296.34,61,40,2.06,US,1726517475
292,villanueva,15.3167,-88.0,309.03,46,32,2.94,HN,1726517525
293,tabarka,36.9544,8.758,295.51,68,40,4.63,TN,1726517526
294,kem',64.9555,34.5793,283.1,66,15,3.06,RU,1726517527
295,ajasse ipo,8.2333,4.8167,296.18,94,84,2.16,NG,1726517528
296,ribeira grande,38.5167,-28.7,297.37,78,40,6.69,PT,1726517461
297,alotau,-10.3069,150.4462,296.85,98,100,2.04,PG,1726517530
298,tralee,52.2704,-9.7026,289.68,81,100,0.49,IE,1726517531
299,padangsidempuan,1.3667,99.2667,294.64,98,100,1.47,ID,1726517532
300,dudinka,69.4058,86.1778,276.02,92,19,2.87,RU,1726517534
301,selfoss,63.9331,-20.9971,283.17,97,100,8.87,IS,1726517535
302,rongelap,11.1635,166.8941,301.45,75,10,3.68,MH,1726517536
303,santa cruz,-17.8,-63.1667,302.85,35,20,5.66,BO,1726517537
304,kingston,17.997,-76.7936,306.02,66,100,3.34,JM,1726517538
305,balikpapan,-1.2675,116.8289,298.7,83,40,4.12,ID,1726517539
306,akureyri,65.6835,-18.0878,282.11,61,40,4.63,IS,1726517540
307,port alfred,-33.5906,26.891,288.25,87,52,1.25,ZA,1726517541
308,kirensk,57.7853,108.1119,275.03,98,97,1.27,RU,1726517542
309,scarborough,54.2797,-0.4044,284.63,89,88,1.65,GB,1726517539
310,cockburn town,21.4612,-71.1419,302.6,78,50,6.47,TC,1726517546
311,ephrata,40.1798,-76.1788,298.47,58,40,3.09,US,1726517547
312,kailua-kona,19.6406,-155.9956,303.86,77,75,4.63,US,1726517548
313,talcahuano,-36.7167,-73.1167,288.97,59,0,5.14,CL,1726517550
314,taulaga,-11.0553,-171.0883,301.17,70,55,4.91,AS,1726517551
315,kuopio,62.8924,27.677,285.12,93,0,1.03,FI,1726517552
316,velingara,13.15,-14.1167,297.31,96,87,2.32,SN,1726517553
317,santa ana de yacuma,-13.75,-65.4333,310.35,20,6,2.26,BO,1726517554
318,reynosa,26.0833,-98.2833,305.91,79,100,2.06,MX,1726517555
319,acarau,-2.8856,-40.12,300.11,66,0,8.63,BR,1726517557
320,korhogo,9.45,-5.6333,296.35,91,88,0.94,CI,1726517558
321,soba,10.9813,8.0575,295.84,85,94,1.3,NG,1726517559
322,thunder bay,48.4001,-89.3168,300.14,65,75,3.6,CA,1726517560
323,calingasta,-31.3308,-69.4078,294.37,19,59,0.7,AR,1726517562
324,zapala,-38.8992,-70.0544,289.12,21,100,6.24,AR,1726517563
325,pandan,14.0453,124.1694,298.87,92,100,4.16,PH,1726517564
326,novoishimskiy,53.1981,66.7694,279.49,65,2,2.98,KZ,1726517565
327,eyl,7.9803,49.8164,299.17,79,24,9.93,SO,1726517566
328,karratha,-20.7377,116.8463,295.72,30,0,5.68,AU,1726517568
329,fortuna,40.5982,-124.1573,292.55,72,20,5.66,US,1726517569
330,karatuzskoye,53.6072,92.8667,272.21,93,13,1.54,RU,1726517570
331,champoton,19.35,-90.7167,307.25,51,87,4.99,MX,1726517571
332,morondava,-20.2833,44.2833,297.55,87,0,4.01,MG,1726517572
333,belmonte,-15.8631,-38.8828,297.66,76,0,4.71,BR,1726517573
334,kapuskasing,49.4169,-82.4331,303.2,51,75,8.75,CA,1726517574
335,zaozersk,69.4005,32.4476,281.51,88,95,3.81,RU,1726517575
336,yinchuan,38.4681,106.2731,289.95,87,96,2.65,CN,1726517395
337,novyy urgal,51.0736,132.5642,281.74,83,55,2.53,RU,1726517577
338,san luis,-33.295,-66.3356,297.96,14,83,8.69,AR,1726517578
339,pundong,-7.9522,110.3486,295.69,86,17,0.51,ID,1726517580
340,carnot,4.9409,15.8665,295.37,88,100,1.05,CF,1726517581
341,fisterra,42.9049,-9.2629,293.18,57,83,7.63,ES,1726517582
342,mairang,25.5667,91.6333,290.25,93,61,0.54,IN,1726517583
343,crucecita,-28.95,-58.9833,298.52,24,0,4.92,AR,1726517584
344,burutu,5.3509,5.5076,298.91,88,68,3.6,NG,1726517585
345,vallenar,-28.5708,-70.7581,292.92,34,0,5.81,CL,1726517586
346,ocean shores,46.9737,-124.1563,292.57,81,0,2.06,US,1726517587
347,mitu,1.1983,-70.1733,305.5,54,99,0.94,CO,1726517588
348,zhob,31.3411,69.4481,299.56,23,10,1.57,PK,1726517589
349,sarpsborg,59.2839,11.1096,285.11,89,3,1.14,NO,1726517590
350,ghat,24.9647,10.1728,308.61,20,100,2.73,LY,1726517593
351,anloga,5.7947,0.8973,298.59,84,11,5.69,GH,1726517594
352,souillac,-20.5167,57.5167,295.36,68,75,6.69,MU,1726517595
353,toliara,-23.35,43.6667,295.8,77,39,2.27,MG,1726517596
354,mandapam,9.2833,79.1167,302.26,77,50,7.42,IN,1726517597
355,prince albert,53.2001,-105.7677,295.12,40,40,1.54,CA,1726517598
356,scalea,39.813,15.7956,292.66,73,84,3.34,IT,1726517599
357,el bordo,2.117,-76.9821,308.58,23,49,4.11,CO,1726517600
358,argo,37.6333,22.7333,294.26,62,1,0.77,GR,1726517601
359,chibougamau,49.9168,-74.3659,300.94,47,40,6.69,CA,1726517603
360,ilhabela,-23.7781,-45.3581,292.71,93,100,1.97,BR,1726517604
361,katabu,-4.9333,122.5167,294.56,91,83,1.0,ID,1726517605
362,sosnogorsk,63.6023,53.8817,289.14,87,100,2.2,RU,1726517606
363,malango,-2.9627,119.9001,291.74,97,91,0.73,ID,1726517607
364,tokar,18.4254,37.729,305.67,58,13,1.36,SD,1726517609
365,rivera,-30.9053,-55.5508,292.51,61,0,2.82,UY,1726517610
366,abra pampa,-22.7205,-65.697,292.19,4,1,4.71,AR,1726517611
367,mar del plata,-38.0023,-57.5575,288.12,62,0,1.79,AR,1726517535
368,sanctuary point,-35.1114,150.629,279.77,85,14,2.28,AU,1726517613
369,walvis bay,-22.9575,14.5053,285.39,93,36,6.14,NA,1726517614
370,persembe,41.0656,37.7714,295.83,85,30,3.49,TR,1726517615
371,tuzha,57.6062,47.936,287.58,67,60,2.16,RU,1726517617
372,fort mcmurray,56.7268,-111.381,292.92,45,100,6.69,CA,1726517618
373,abeche,13.8292,20.8324,299.24,67,35,1.92,TD,1726517619
374,omu-aran,8.1333,5.1,295.22,94,87,1.93,NG,1726517620
375,nizhneangarsk,55.7833,109.55,275.3,69,28,2.25,RU,1726517621
376,nuku'alofa,-21.1333,-175.2,297.34,94,75,2.57,TO,1726517126
377,sao francisco,-15.9486,-44.8644,308.3,19,4,0.31,BR,1726517623
378,kalmunai,7.4167,81.8167,300.83,71,100,1.6,LK,1726517624
379,crane,31.3974,-102.3501,304.55,39,3,7.42,US,1726517326
380,lerwick,60.1545,-1.1494,284.82,83,100,5.58,GB,1726517626
381,untergriesbach,48.5743,13.6673,286.3,98,100,1.21,DE,1726517627
382,acajutla,13.5928,-89.8275,303.05,74,91,1.59,SV,1726517473
383,castillos,-34.1667,-53.8333,292.29,60,0,2.56,UY,1726517630
384,qamdo,31.1667,97.2333,279.58,87,100,1.32,CN,1726517632
385,ichinohe,40.2069,141.3017,288.07,98,35,2.55,JP,1726517633
386,tolanaro,-25.0319,46.9987,294.19,83,0,2.06,MG,1726517620
387,northam,51.0333,-4.2167,286.27,87,14,3.39,GB,1726517595
388,al marj,32.488,20.8317,293.6,68,0,1.93,LY,1726517636
389,north platte,41.1239,-100.7654,302.09,48,0,8.23,US,1726517637
390,illizi,26.4833,8.4667,308.38,21,57,5.38,DZ,1726517638
391,nikolayevsk-on-amure,53.1406,140.73,284.11,78,100,1.9,RU,1726517639
392,ola,59.5833,151.2833,276.85,94,100,3.25,RU,1726517640
393,gadzhiyevo,69.2551,33.3362,282.37,86,95,3.77,RU,1726517548
394,verdal,63.7933,11.4817,285.34,88,86,1.28,NO,1726517643
395,saint-francois,46.4154,3.9054,287.84,79,0,3.6,FR,1726517644
396,kununurra,-15.7667,128.7333,294.14,78,100,8.23,AU,1726517645
397,tanjung pandan,-2.75,107.65,298.94,84,99,2.39,ID,1726517646
398,xai-xai,-25.0519,33.6442,296.28,93,44,4.22,MZ,1726517647
399,areia branca,-4.9561,-37.1369,300.05,70,0,9.9,BR,1726517648
400,khorugh,37.4897,71.553,284.89,40,100,3.03,TJ,1726517649
401,opuwo,-18.0607,13.84,293.64,15,3,2.5,NA,1726517650
402,inhambane,-23.865,35.3833,297.06,93,0,5.23,MZ,1726517654
403,lorengau,-2.0226,147.2712,300.78,81,28,4.58,PG,1726517655
404,porto seguro,-16.4497,-39.0647,299.44,73,75,3.6,BR,1726517656
405,taroa,8.7058,171.2275,301.14,78,13,4.38,MH,1726517657
406,zemio,5.0314,25.1361,295.21,92,100,1.01,CF,1726517658
407,qaqortoq,60.7167,-46.0333,277.96,81,100,1.64,GL,1726517660
408,hadibu,12.65,54.0333,298.79,77,8,6.32,YE,1726517087
409,bouar,5.934,15.596,292.1,93,96,0.97,CF,1726517662
410,moree,-29.4667,149.85,279.48,50,0,1.04,AU,1726517663
411,minas de marcona,-15.2119,-75.1103,292.13,50,3,4.42,PE,1726517664
412,queenstown,-31.8976,26.8753,284.68,80,96,3.77,ZA,1726517666
413,beledweyne,4.7358,45.2036,300.06,66,99,9.54,SO,1726517667
414,bikenibeu village,1.3673,173.1241,302.13,74,20,2.57,KI,1726517668
415,san pedro pochutla,15.7333,-96.4667,307.43,59,78,3.72,MX,1726517669
416,kiunga,-6.1219,141.2906,296.31,97,100,1.36,PG,1726517671
417,bam,29.106,58.357,301.88,21,0,2.55,IR,1726517672
418,mount pearl,47.5166,-52.7813,293.23,65,75,10.8,CA,1726517661
419,glendive,47.1053,-104.7125,302.94,39,0,6.17,US,1726517674
420,tabou,4.423,-7.3528,297.6,87,36,2.73,CI,1726517675
421,miasskoye,55.2784,61.8905,277.64,67,13,1.57,RU,1726517676
422,grand falls-windsor,48.9332,-55.6649,296.0,60,73,6.59,CA,1726517525
423,srikakulam,18.3,83.9,299.82,76,93,2.84,IN,1726517679
424,lemont,41.6736,-88.0017,306.22,36,0,3.09,US,1726517680
425,nadym,65.5333,72.5167,285.71,89,100,3.37,RU,1726517651
426,east stroudsburg,40.9995,-75.1813,299.59,46,100,2.87,US,1726517682
427,kingscliff,-28.2667,153.5667,284.79,93,0,2.06,AU,1726517514
428,charters towers,-20.1,146.2667,289.03,87,90,4.13,AU,1726517540
429,oranjemund,-28.55,16.4333,285.38,87,0,6.84,NA,1726517685
430,luanda,-8.8368,13.2343,296.15,83,75,3.6,AO,1726517686
431,afaahiti,-17.75,-149.2833,297.2,86,42,5.53,PF,1726517144
432,ad dilam,23.9915,47.1627,305.91,18,0,4.27,SA,1726517688
433,natchitoches,31.7668,-93.1335,300.14,69,100,0.0,US,1726517689
434,karaton,-6.3424,106.1045,293.89,84,99,1.43,ID,1726517690
435,lubao,14.9167,120.55,299.99,97,100,0.95,PH,1726517692
436,maragogi,-9.0122,-35.2225,297.5,76,0,3.72,BR,1726517693
437,estes park,40.3772,-105.5217,296.47,28,100,3.13,US,1726517694
438,suomussalmi,64.8869,28.9078,281.43,74,100,2.15,FI,1726517695
439,saint-pierre,-21.3393,55.4781,291.97,72,0,3.6,RE,1726517696
440,okha,53.5739,142.9478,284.2,84,100,2.84,RU,1726517697
441,andergrove,-21.0833,149.1833,293.45,70,99,8.33,AU,1726517646
442,leshan,29.5623,103.7639,296.47,89,1,0.9,CN,1726517700
443,hassi messaoud,31.6804,6.0729,304.07,30,0,2.06,DZ,1726517701
444,stropkov,49.2021,21.6522,285.63,94,100,1.67,SK,1726517702
445,salinopolis,-0.6136,-47.3561,300.84,79,0,7.28,BR,1726517703
446,nahrin,36.0649,69.1334,293.39,36,99,3.23,AF,1726517705
447,kuala terengganu,5.3302,103.1408,299.12,94,20,1.03,MY,1726517706
448,yura,-16.2522,-71.6797,294.44,13,0,4.63,PE,1726517707
449,twon-brass,4.3151,6.2418,299.29,85,100,5.49,NG,1726517708
450,black point,-34.6187,137.8972,281.35,79,0,3.18,AU,1726517709
451,ndele,8.4109,20.6473,295.06,93,91,0.91,CF,1726517710
452,pacific grove,36.6177,-121.9166,288.94,94,100,4.63,US,1726517711
453,yangliuqing,39.1375,116.9997,295.12,74,0,1.4,CN,1726517712
454,ottumwa,41.02,-92.4113,304.45,56,20,3.6,US,1726517713
455,forio,40.7342,13.8646,293.39,80,100,0.45,IT,1726517714
456,lodja,-3.4833,23.4333,297.0,70,5,1.3,CD,1726517716
457,katsuren-haebaru,26.3369,127.8719,301.53,79,20,6.69,JP,1726517718
458,saint-philippe,-21.3585,55.7679,294.01,77,42,6.41,RE,1726517623
459,amga,60.8953,131.9608,270.72,91,1,1.04,RU,1726517721
460,island harbour,50.724,-1.2758,286.49,83,100,4.53,GB,1726517722
461,magong,23.5654,119.5863,301.25,90,55,3.26,TW,1726517723
462,dul'durga,50.6761,113.5931,278.74,83,5,0.89,RU,1726517724
463,moussoro,13.6408,16.4901,303.42,54,29,3.82,TD,1726517725
464,polillo,14.7122,121.9392,299.0,83,100,1.76,PH,1726517726
465,papao,-17.75,-149.55,299.97,82,20,5.08,PF,1726517727
466,moyobamba,-6.05,-76.9667,302.21,51,62,2.4,PE,1726517728
467,east ballina,-28.8667,153.5833,285.27,85,10,4.27,AU,1726517730
468,katutura,-22.521,17.0557,288.65,7,0,2.9,NA,1726517731
469,nouadhibou,20.931,-17.0347,295.14,83,9,8.23,MR,1726517732
470,fale old settlement,-9.3852,-171.2468,300.11,81,60,3.65,TK,1726517733
471,el granada,37.5027,-122.4694,293.62,72,75,3.09,US,1726517734
472,ilheus,-14.7889,-39.0494,300.05,74,20,3.53,BR,1726517735
473,umm kaddadah,13.6017,26.6876,302.57,51,94,7.98,SD,1726517736
474,magistral'nyy,56.1725,107.4458,272.47,93,79,1.26,RU,1726517737
475,pikalevo,59.5183,34.1664,288.58,61,27,1.31,RU,1726517738
476,shimoda,34.6667,138.95,297.67,89,70,1.89,JP,1726517739
477,tarauaca,-8.1614,-70.7656,311.32,24,42,1.46,BR,1726517740
478,manicore,-5.8092,-61.3003,311.2,26,100,1.09,BR,1726517741
479,nuuk,64.1835,-51.7216,276.49,100,100,2.06,GL,1726517563
480,san patricio,28.017,-97.5169,304.12,42,1,2.73,US,1726517744
481,arvika,59.6553,12.5852,284.1,91,25,0.26,SE,1726517745
482,kismayo,-0.3582,42.5454,298.26,87,20,6.18,SO,1726517746
483,mhamid,29.82,-5.72,305.56,21,0,3.82,MA,1726517747
484,sungai penuh,-2.0833,101.3833,290.24,98,88,0.89,ID,1726517748
485,orange,33.7,-117.7675,297.38,57,40,6.69,US,1726517749
486,zavetnoye,47.1194,43.8903,291.88,34,3,4.05,RU,1726517750
487,kruisfontein,-34.0033,24.7314,283.29,83,0,0.93,ZA,1726517751
488,imbituba,-28.24,-48.6703,289.9,81,72,3.2,BR,1726517752
489,mont-dore,-22.2833,166.5833,292.56,56,35,4.96,NC,1726517753
490,escuinapa,22.85,-105.8,305.06,50,7,4.26,MX,1726517754
491,bonthe,7.5264,-12.505,298.41,87,34,2.21,SL,1726517757
492,sirsilla,18.3833,78.8333,296.52,85,83,3.53,IN,1726517758
493,mogadishu,2.0371,45.3438,298.36,90,47,7.4,SO,1726517759
494,antonio enes,-16.2325,39.9086,297.77,82,0,5.35,MZ,1726517761
495,porto murtinho,-21.6989,-57.8825,304.35,22,0,4.0,BR,1726517762
496,atar,20.5169,-13.0499,308.57,35,98,7.32,MR,1726517763
497,gashua,12.871,11.0482,304.59,49,100,3.51,NG,1726517764
498,kangding,30.0513,101.9603,288.4,98,98,1.33,CN,1726517765
499,ternate,0.8,127.4,299.8,86,100,4.89,ID,1726517766
500,nasiriyah,31.0521,46.261,307.83,18,0,1.21,IQ,1726517767
501,igrim,63.1906,64.4162,287.12,92,97,2.29,RU,1726517768
502,bhag,29.0415,67.8239,307.54,36,0,2.66,PK,1726517770
503,asmara,15.3333,38.9333,290.2,72,100,0.94,ER,1726517771
504,cabo san lucas,22.8909,-109.9124,303.32,61,0,5.14,MX,1726517382
505,kupang,-10.1667,123.5833,299.47,83,7,2.06,ID,1726517773
506,goundam,16.4145,-3.6708,306.46,44,51,3.83,ML,1726517774
507,thohoyandou,-22.9456,30.485,297.69,44,2,2.57,ZA,1726517775
508,punaauia,-17.6333,-149.6,299.95,78,75,8.94,PF,1726517776
509,happy valley-goose bay,53.3168,-60.3315,294.32,68,75,5.14,CA,1726517777
510,kolonia,50.9333,6.95,291.4,80,75,3.09,DE,1726517778
511,kavaratti,10.5669,72.642,300.95,79,10,6.61,IN,1726517774
512,plymstock,50.36,-4.0905,288.56,87,58,3.04,GB,1726517780
513,karacabey,40.2152,28.4038,291.34,78,1,0.31,TR,1726517781
514,rudnichnyy,59.617,52.4703,286.5,84,96,1.93,RU,1726517782
515,jaisalmer,26.9147,70.9181,301.41,63,0,7.99,IN,1726517784
516,zambezi,-13.5432,23.1047,296.74,17,0,1.93,ZM,1726517785
517,ginir,7.1333,40.7,291.77,56,41,4.98,ET,1726517786
518,kerikeri,-35.2268,173.9474,283.66,91,91,0.45,NZ,1726517787
519,altus,34.6381,-99.334,308.19,41,0,3.6,US,1726517788
520,tamanrasset,22.785,5.5228,299.1,53,40,2.06,DZ,1726517635
521,alesund,62.4723,6.1549,286.11,83,75,5.14,NO,1726517791
522,plesetsk,62.708,40.2916,284.16,73,7,1.21,RU,1726517792
523,pohrebyshche,49.4864,29.2636,293.17,33,100,5.87,UA,1726517793
524,tchibanga,-2.85,11.0333,295.73,88,56,1.78,GA,1726517794
525,la'ie,21.6477,-157.9253,302.81,81,55,3.13,US,1726517655
526,narathiwat,6.3333,101.75,296.82,96,100,3.42,TH,1726517797
527,hilo,19.7297,-155.09,301.53,88,75,5.14,US,1726517798
528,ramadi,33.4226,43.3058,304.72,31,0,4.55,IQ,1726517799
529,zanjan,36.6736,48.4787,289.37,64,6,3.48,IR,1726517800
530,ash shafa,21.0694,40.3119,295.97,38,2,1.05,SA,1726517801
531,dindima,10.2263,10.1513,297.33,88,89,1.91,NG,1726517804
532,warrnambool,-38.3833,142.4833,282.06,81,100,5.0,AU,1726517805
533,viedma,-40.8135,-62.9967,293.14,21,2,3.11,AR,1726517574
534,springs,-26.25,28.4,293.49,42,100,2.3,ZA,1726517807
535,tarko-sale,64.9225,77.785,285.3,95,100,4.26,RU,1726517808
536,guerrero negro,27.9769,-114.0611,296.03,56,4,7.04,MX,1726517810
537,juan griego,11.0817,-63.9655,305.45,61,86,4.79,VE,1726517811
538,hami,42.8,93.45,293.56,21,0,0.78,CN,1726517793
539,tutoia,-2.7619,-42.2744,300.15,75,18,6.14,BR,1726517813
540,ciudad lazaro cardenas,17.9583,-102.2,303.36,73,59,2.73,MX,1726517318
541,piacabucu,-10.4056,-36.4344,297.86,74,20,4.07,BR,1726517815
542,perbaungan,3.5679,98.956,297.61,93,100,1.35,ID,1726517816
543,phu ly,20.5411,105.9139,298.15,91,56,1.87,VN,1726517817
544,tandil,-37.3217,-59.1332,293.8,37,0,2.28,AR,1726517818
